0.145725050922788;0.139849879690662;0.0306185429924993;-0.146067214929075;-0.0622378610028735;0.127879108224731;0.00593816122383574;-0.1737800673072;-0.0412312436110421;0.0502636870118835;-0.0846387193657445;0.104238157117669;0.133793605199513;0.102169844591432;0.0599511109739152;0.0345538456216061;-0.0528227798006805;-0.137452707960167;0.0580375742921862;0.00445044519472867;-0.0730259744803282;0.181403011946098;0.00332090760492044;-0.0418588706756725;-0.0557494244322208;0.0494043861455103;0.0314606577553284;-0.154508485315877;-0.166949262854128;-0.166192662026084;0.0558292371898203;0.171064519997503;0.140424982230899;-0.0172089980225733;-0.157823164215588;-0.0485354367663596;0.0744206107675424;-0.118150243574591;0.134105592507481;-0.193811060003944;0.0432844491209196;-0.131314185183909;-0.0544646620837437;-0.177495538768372;-0.171960177137005;-0.0261770702548355;-0.0643361643653403;0.0168330604267285;0.16844949997637;0.0514522970809141;0.184063726373377;-0.16853950609647;-0.0142019828642834;-0.128421831049633;-0.0682780206317337;0.177665317568416;-0.0709203374162909;-0.13497189583386;0.123025488094871;0.101701031443342;-0.11103085903263;-0.0470026629623191;0.206512474138653;-0.0824878910869906;0.207777728413789;-0.0423599607715219;0.177156453478495;-0.0564467062799456;0.0525436993049878;-0.0989627617617573;0.173476513445789;-0.142121845728122;-0.058215021875923;0.0443993247940978;0.174509274665535
-0.146173169383183;0.0335458709523056;-0.0221686447828161;-0.0734948291553402;0.190770205644503;-0.0900527086730947;-0.190359830324904;-0.106150300164837;-0.0003341203311237;-0.133777609749088;0.0219083946394149;-0.0176649715169419;0.0669223613763991;-0.153479338306258;-0.118831771108853;-0.182509062660743;0.00675171585218294;-0.0233826880645763;-0.172368679756101;0.136921280858906;-0.113788727285978;-0.121198120322284;-0.176802800563912;-0.169216391534394;0.0895371516498133;0.0149154640250168;0.212714349434302;0.184557963445526;0.0654705255521229;0.097204431549119;0.12495196973488;0.109045128630728;0.161391495044601;-0.0858821255060688;-0.123306066279476;-0.0541185050839699;0.175877789510991;0.16238068635252;0.159221532718392;-0.00739947192440202;-0.122387353923176;-0.141797240382173;0.00895620949742044;-0.15008270486085;-0.0120058067045756;0.200278604332163;-0.0880099906780493;-0.10402603269107;-0.0283700167454609;-0.118024621109459;-0.0315636231687691;0.105032448759523;-0.0869263124956582;0.133496962072737;0.0900220244757668;0.195723815076373;0.00518500236294552;-0.0581159224016938;0.057666883332119;-0.0293089275337851;-0.0820681939701239;-0.154218929633158;0.0490780384203122;0.12316031225703;-0.0380307153466956;0.13356213014596;0.0416423975757292;-0.0523591822708039;0.190525592110491;0.15598559811239;-0.137687988034461;0.0650698936369359;0.0380946433543043;0.0557296563055732;0.0541449656288101
-0.189191843318266;0.0805331798127368;0.184749965236003;0.0532722255761883;0.100092928752246;-0.113708103387385;0.101724481402028;-0.00287333293929541;-0.0325288461504594;-0.0876699862830727;-0.197342034242455;-0.0199581599147044;-0.189306685780836;0.0344372307132047;-0.109771345514398;0.151920037513642;0.0183517755692517;-0.111906224981832;-0.0274554369403318;-0.142178617712383;-0.185339856599522;0.0193528349793294;0.0966040813393988;0.0987724768055965;0.065002958215899;-0.0575758610780622;0.175751685531827;-0.0851078940697138;0.0259218246774946;-0.197600126274839;0.114307600892259;-0.149968024068308;0.0679369573115124;-0.137459911113892;0.0517863000119695;-0.111437225583355;0.0214500957897178;0.0891479955383932;0.158986074862307;-0.143931212867906;0.0165622526928513;0.048463461302597;-0.146130452699699;-0.0163465552436029;-0.0690850561648664;-0.0735778667978912;0.00315549033568272;0.113783284241054;0.0736297486366029;0.206221529756497;0.0438943623652443;-0.0506402292394255;-0.162270353933369;-0.0297787391764315;0.0117858197562144;0.00312753859093839;0.195601315361872;-0.131434771699564;0.199941484248823;-0.0597434702996619;-0.0777875720306776;-0.030579884658228;0.182877059271744;-0.0523409800055902;0.00969462971320233;0.164298206714387;0.123777099662317;0.159825442221591;0.194323147589769;-0.215746380061013;-0.0869423184060457;0.140875996919392;-0.0592200829556042;-0.100936484202396;0.0529313464833002
-0.0304750216067234;-0.0592334508185266;-0.109933600023126;-0.0569420265706996;-0.0851974721013186;0.136559657607433;-0.159137416738469;0.0419721298917673;0.0211622191668027;-0.0378979004418316;-0.0597502299449677;-0.207070981467327;-0.124637098130058;0.0511329343874908;-0.171982775066605;-0.10115557280393;-0.0713923990161876;0.0882438430142677;-0.00784458803227773;0.131336165634651;-0.173446494582555;0.0654476764652608;0.104654706184471;0.170039723406592;-0.0300696194065848;0.00470189822906877;0.0439676932398283;0.117442128039236;0.0603376234366471;0.0639932154924506;0.10157389683614;-0.210663606096416;0.135978156998866;0.115347609817139;-0.186210374568516;-0.165808198806257;0.0706516445440128;0.116148696526746;0.050104286949813;-0.00816250131931853;-0.143996773350789;0.114571295669128;-0.0727245691972544;0.173439325190889;-0.158953409075128;0.137577866911277;0.0160363784824601;-0.124942789530786;0.131467238273736;0.0789916849369663;0.173539487424305;-0.180342128003025;0.136746874289695;-0.0426950830927115;-0.0035286585221058;0.0992498129481855;0.0312843540171725;-0.0848008124095485;0.168300103856055;0.105273140689782;-0.126352203522061;-0.0814070337575356;0.17680701747529;0.152341514694522;0.0557007137421984;-0.0680307917382178;-0.147876627446023;-0.0448121969270274;0.0183991410663407;0.188997934759821;0.0233652936722272;0.00763141547723583;-0.180804611825211;-0.218626254602625;0.0563887710957736
-0.0928105229558654;-0.081115398023942;0.119554548830592;0.103727484545048;0.02378884059239;0.175204899419096;-0.0513401231740072;0.172598561035887;0.168114624767129;0.0800698700273065;0.0581252005146569;-0.150342569006861;-0.0418832118520401;-0.0998068742552546;-0.0903330443638683;-0.00473377588345374;-0.064376538249831;0.135666678084504;0.1327437617212;-0.100471931764738;0.125555356116336;0.125898283294474;-0.0318309569336891;-0.100908890824456;0.0981100859422467;0.0615528174622423;-0.156016685501583;0.0473329560021391;0.130455910382472;-0.161075269950653;-0.0542484749825078;-0.214511011893889;0.129281052919955;0.0902045229291017;-0.128440482277418;-0.0405769621926502;0.0940601444530967;-0.00256126136068456;-0.078594105657125;0.110080672426776;0.112256670151461;-0.0681448789192448;-0.214679479353976;-0.150333776289673;0.179140940934092;-0.133389857596251;0.0819496483931468;-0.161434345721362;-0.109677111652715;-0.0300220763997419;-0.130823043944091;0.0550360718903195;-0.124573747271468;0.0720051734219008;0.112377287342375;-0.0325245112452498;0.136899853914836;0.00550443255340506;-0.209341608498842;0.148420318135237;0.116262577819036;0.0875112158289429;-0.172816356448228;0.114230887616138;-0.0806406620918291;0.057677205306903;-0.0934393269217272;0.0540965602239474;-0.18632539907948;0.136428212833871;0.0873903746685387;0.124369018115943;-0.000698223360014614;-0.192295917807219;-0.02654430691111
-0.00923072482911771;0.133337164810814;-0.0822217196671694;-0.0797070828077782;0.0274598755496517;0.172327254699883;-0.191988766741511;-0.0448443399206862;-0.0414781754742591;0.162761033778683;0.0860476564338009;0.104827256319078;-0.141652156348153;0.170603430144573;0.0990239753851775;0.019856265057932;-0.111290127750108;0.00346559440382359;-0.028227824456826;0.18612509000097;-0.173228083188302;-0.095647226259039;-0.12713396631409;0.124477408731723;-0.0793476817455974;0.153347293963831;-0.170211632635957;-0.173086756277532;-0.0467585654594588;0.078158238854581;-0.0555786826047636;-0.143148507876339;-0.131512377363485;-0.101589593582322;-0.0675325147713776;0.0386225349560439;0.0292615125768992;-0.100793179158848;-0.0271291568625004;0.175268043550274;0.118996816547219;-0.0560553581082867;0.0772624328208287;0.151648010343161;0.0392077026807953;0.154687487297885;-0.134888685894245;0.0854357306427814;-0.0763523822445976;-0.0732742744728569;0.0102731342471405;-0.0685889611299334;-0.158293096885751;-0.169248830352883;-0.0383805533903955;-0.110830962110707;0.0632236675842758;-0.0145735206873354;0.191766206649376;0.0662381892973778;0.145291423795211;0.173223597247577;-0.195333238001856;0.0724891933827168;0.0210922528428184;0.0319487007695118;0.0390921701419354;0.152063044945726;0.0408884813753227;-0.136846023111495;0.18272036019259;0.181628659120298;-0.166652712274304;-0.0113702602955434;-0.130119190086876
0.107200247019267;0.0464842933150916;-0.0688456732130127;-0.0964290392906551;-0.0201016016518747;0.124668355194954;-0.0436444284718239;0.129464370409469;-0.160431572405866;-0.115366619467044;-0.175143452544095;-0.172818482595947;-0.148208471440624;0.165984546015343;-0.14214962020467;0.208041325246482;-0.14156510067988;-0.0838538280601415;0.133132177261953;-0.156661496061772;0.175769197095188;-0.0375962771102752;-0.184116312154038;-0.0470975528609409;-0.181408494762412;-0.0633944199140638;-0.0777452373105605;-0.140789261917754;-0.123418367887187;-0.0440227218569287;0.0481772594288171;-0.0824920931072738;0.0747925370230246;0.192214975753913;0.111382502482185;0.0931760012532879;-0.0260470223288435;-0.0832105223315392;0.0652342410327184;0.207878803214184;0.0381506598017237;-0.104530764832623;0.208040943058732;0.0305671456912876;0.0343557132070332;0.043857005351282;0.0270285947358171;-0.164101779831948;0.0229265204852085;-0.096720035463319;0.176843821747119;0.117943325626779;-0.0542802292493417;-0.0194886556540404;-0.0571201615393654;-0.044519424314933;0.0412846570246542;0.213091974086306;-0.104336492972718;-0.146023130182286;0.0130976440610394;-0.0921711149985447;0.063566789852181;0.118431243889441;0.0712962155425172;0.142188735001557;-0.0127709251805932;-0.105583352756159;-0.134713904911318;-0.000485527019579736;0.0447723991308505;0.176485516090038;0.0857520253455183;0.160093468486148;0.0400279385748829
0.0892067118799492;-0.0125782738888358;0.018376658252207;0.151611885119952;0.007794216062929;0.142641797549605;-0.104744037116224;0.069346259885995;0.206368888085108;0.0121933388197559;0.163299526677445;0.20485529945104;-0.0968190874688972;0.0582407170099843;-0.0351960245526281;-0.139210537931976;-0.00607980455142452;-0.169977074217127;0.0201615118810592;0.0036846771433929;-0.0607771432851397;0.0649643220064072;-0.101490757523682;0.192337620402327;0.125231132438787;-0.13447377262171;-0.0584868840422803;0.203679243944046;-0.167690910957157;0.0915704475687205;-0.190745524061391;-0.15891132639154;0.0186864300686247;0.173549385998758;0.0849584572665653;0.199344656472044;-0.169975024349238;-0.131396441142297;0.119152837231149;-0.0573829569036932;-0.0750424071996491;0.0697666311412409;0.0884877935040288;-0.0866422024963499;0.139286872715674;0.168626298600472;-0.108836903724253;0.0674594293788126;0.131764517872417;-0.0541595908053234;-0.142030687629221;0.153584676752145;-0.12729082912809;-0.0364697417072934;-0.0920779887560848;-0.166861453386165;-0.102191359624861;0.059107267353254;-0.164723090578542;-0.048835854575068;0.0100248383321779;-0.0753550515568951;0.045933327583445;-0.0763054027433192;0.0118350196214396;0.131107009809277;-0.00493497387729205;-0.0373002439642814;0.206350489246793;-0.0014724515212984;-0.160339356842445;-0.065787206668835;-0.0560616819449021;-0.113559374474955;-0.112376758916665
0.0719524708176935;0.166503398613034;0.174167564928832;-0.140594401114025;0.148947036727162;0.164636241826086;0.0760142627548947;-0.123928342343868;0.0869827341575851;0.0189193190476961;-0.116924820796886;0.159349790581748;-0.138734288634478;0.0472140498700958;0.0350153501315548;0.0789388278967685;-0.015104919014548;-0.158020363650721;-0.0390483490286736;0.127732217710242;-0.187187771376501;-0.166407600802227;-0.0418715242728895;0.100282817387479;-0.180237194779029;-0.0341250526233182;0.124084424153211;0.0645777618935261;-0.0697510055028893;-0.0936556629454691;0.119926014026469;-0.00224438803690541;0.175154507349384;-0.120401209446907;0.0153575401364547;-0.145263523614594;-0.0957925744578317;-0.0132755891479502;-0.125817948356205;-0.0391224153829516;0.101502155465255;-0.148737209681101;0.122258327719165;0.0823255491291189;-0.0787095334193712;0.125141017911388;-0.0717161182468747;0.0884913258032977;-0.0587980311576653;0.0884198969415771;0.0421069742956398;-0.106192132398782;0.158178258932518;-0.0594007079793688;-0.118185936798652;0.0508960833645792;0.0209109346305825;-0.113579240713988;-0.147821194590337;-0.00439189890486117;-0.146912170582466;-0.176027487393973;0.133108716971116;-0.0068255911522872;0.0862793588333216;0.0726056210521137;0.171481337044459;0.168952974624524;-0.1556074785217;-0.00718511450919245;-0.0127325859007412;0.185456723945497;0.155083638517578;-0.187389921901064;-0.161233926010355
0.167395873088267;-0.12054446284257;0.0687213604118802;-0.0136284513003105;-0.139776457978772;-0.176348807260878;-0.178648008046383;-0.0776303170794728;0.029625297402508;0.0554120565937175;0.0406025001935962;0.0270340573712855;0.0503116259166194;0.209094356411402;0.17074693655947;0.0204150455497496;-0.19913911578227;-0.0647764321522452;0.071910171624189;-0.0955662617489444;0.0997653075850426;-0.112696209339318;-0.0710615771692478;0.2070937001357;0.0375146864493856;0.158316576976947;-0.0653111446176044;0.0612941017590231;0.152249029971056;-0.103204235612974;0.0466810353002123;-0.0890246913671581;0.178062015453519;-0.102420865984676;-0.0956366221824316;-0.0443728743786182;0.163106396254895;0.0906889498272472;0.177432343483116;-0.0521922809294971;-0.213901132184786;0.0828272472116224;-0.0999348028237905;0.144497338492061;-0.164801825751303;-0.166968710059756;-0.0764630716047103;0.193095737582905;-0.142051272960315;0.17908062084512;-0.0390001847239695;0.0547074423504338;-0.116931596731274;0.0876876432029064;-0.0775443909230221;0.0604846048422256;0.162160740028006;0.0732712859775088;0.160500487951632;-0.0864494092543909;0.100605963058055;-0.0282984841040775;-0.0182357213492009;-0.0867779445698779;-0.210876456291855;-0.0899802860246058;0.0606156676190952;-0.0668749856840646;0.0851235010084738;-0.0044876666472724;0.0689522749961825;-0.0781844399081886;-0.0305651499340334;-0.095505025031674;-0.101272607149518
-0.195196076803191;0.170207741901699;-0.0143338650768581;0.127807994454037;-0.02453363692608;0.00303533601860471;-0.0533246427950568;-0.0255692135993417;0.157404160423081;0.123395982231201;0.174516495071552;-0.185214651046001;-0.12837052721198;0.159183276031409;0.0397532221970489;-0.00612102457393189;-0.12886124463519;0.118293282943189;0.0295176586565876;0.0427770691476991;0.0129257288978868;-0.118644122051779;0.169847888866071;0.11277355531978;0.113734283424161;-0.0252767908293714;0.173095399075125;-0.112356828743062;0.0566402794505876;-0.110394813173863;-0.174952492171233;-0.133013043174671;0.1623226178953;-0.0386593840774631;-0.0967481391126522;0.0558813491124606;-0.0594835589812533;0.109916716221167;-0.0507945827401933;0.089346791850817;-0.0765063758436264;0.170867500152026;-0.00294896451164291;-0.0313128148141272;-0.195360448274871;-0.118045976377704;-0.0378508465890432;-0.0489888209960245;-0.183672966277425;0.173086670530884;-0.0297739860785869;-0.0183902011369997;0.113718008110946;0.0413646326200444;0.0659675904962712;0.10526840742162;-0.210249514066724;0.0547129417763938;-0.196535656072476;-0.209866213199061;0.0117602991165119;-0.151577181154348;0.0996108691231026;0.0571896064945916;0.0877391073000821;0.0969201711438712;-0.165716906768269;0.0921092190385153;0.0453220480417085;0.16569223525762;-0.157246832695031;-0.0569575986833256;-0.04152150141897;0.121991228978803;-0.0913259221110271
0.0452506009266063;0.0881701161589146;0.0113925120860456;0.120069676277475;0.0424997746530994;-0.180197932602116;0.0326492969856416;-0.120520210487535;0.0874069170161806;0.123803108426226;0.0466520534243552;-0.044952909408555;-0.0700876703862462;0.0994145924768587;0.000473805280872274;0.0773975123717363;0.0896926434563559;0.118361260054406;-0.0313669533581118;-0.114149981447694;-0.116705738589016;-0.120580664809009;0.144611604656404;0.0847598852409165;-0.0912279883190029;-0.144542037066335;0.0736779974747923;0.109895012320396;-0.149221810220484;0.14262276820157;-0.1653556756157;-0.169472532925034;0.197303062967423;-0.058168225270907;-0.150212876537258;-0.153205593799709;0.00170886470147255;0.162214462388517;-0.0154661063673225;0.193688715450428;-0.192682274447708;0.193228449571642;-0.158190045884701;0.160997143124401;-0.12949603682306;-0.0285637747145228;0.128430967158629;-0.177818857260615;-0.126410464302618;-0.0810467350866838;-0.0227443617811328;0.0504736565104466;-0.182796493948675;0.0661036854584644;-0.148055411222397;-0.0271410014288532;0.149266570701394;0.132340686044013;0.0183253974320097;-0.00593045544503409;-0.0481678708780244;0.12846234386413;-0.164270667431519;0.150492208013495;0.0961865168774571;0.023152319184921;-0.0365479131770933;0.193788614083545;0.0566552018496489;-0.0392928680838873;-0.117283619494205;0.133186240266723;-0.0591449007427395;-0.0193476096096554;-0.114439974164455
-0.117985335279423;-0.171275897774705;0.187927153911102;0.0128107369865143;0.139699288709666;-0.0794674003714096;0.0516202032375835;0.0357889865126478;0.133956317758228;-0.0381371794653536;-0.0199169204372022;-0.196584184176086;-0.0737440276666051;-0.116796228269444;0.0767473449136653;-0.110209022104475;0.0688689848086121;-0.0605198691559333;0.195065548694988;0.0415739008344757;-0.129667932341389;0.162087125650976;-0.116680671378111;-0.142928975967599;0.0459251459256681;-0.202148912248257;0.136892411919786;-0.0393469360341425;0.114215965408791;-0.172706201993803;0.0425046564863696;-0.0962338004866418;0.034669715148589;-0.0223214366085113;0.159327519795603;-0.0768469281566908;0.163259779257795;-0.0947347401803185;0.0750314206125069;-0.146551522422317;0.0938166386304808;-0.121754681982751;-0.109512352310636;-0.0248707862195259;-0.0996840126145186;0.000872959915231033;-0.18418191536825;0.0989082499112305;0.177927564090102;-0.150577489320432;0.00454105426686948;-0.0205229663088228;-0.0610680731239569;0.133897069526289;-0.209430771289611;-0.075069633652309;0.150407600881496;0.120386798941127;0.171888418338936;0.131378870020349;-0.0113569850131058;-0.119502191665849;0.126575848381947;0.0961931888144568;0.124360991326366;-0.134152450888135;-0.0262510720465856;0.153580236219996;-0.0711209207869572;-0.0568750578672184;-0.0684659740841799;-0.0468656059486441;0.0694515375096492;0.13114774017973;0.152760089482084
0.183282412929971;0.0538968943870931;0.103442348831852;0.149659059181646;-0.161696381240315;0.173714785234219;-0.168422652093764;-0.0159558001498086;0.0474199560400073;0.022136046124586;-0.144590092906955;0.157347647894115;0.0963835291388798;-0.0265079808651803;0.0184933769414243;-0.0254532746324289;-0.163770217964379;-0.0629183518517777;0.137190104628805;0.0621554316053846;-0.00156576697437244;-0.0455102089880576;-0.00494622354112495;0.0487969202068556;-0.171768383528858;-0.178757673052746;-0.130617631805585;-0.0427622846337858;0.0188792402344891;0.112671783100493;-0.155649158618658;0.105188985799932;0.00789124886161645;0.17286208667277;-0.196051231598559;0.0611987938680825;-0.1691549483137;0.151442350803138;0.11642595857249;0.137847207128259;-0.051232890837811;0.0887673337627455;-0.13581199494957;-0.139441682023157;0.0540902897264247;-0.0984780040619839;0.0651702452728263;-0.0361853865653489;0.100360095985646;0.157863794410747;-0.110232979779403;-0.190528898915151;0.115438866059211;-0.146196638862938;-0.0619080914529751;0.0242224182960323;-0.145727085693778;-0.149924774997;0.116857239088508;-0.187508911809565;0.0997622134178082;0.0651526742891894;0.15597800136487;0.125561214688682;-0.0267849988787518;-0.0589660369577193;-0.0551138045894975;0.114334484215278;-0.0350269528886168;0.148107624822509;-0.0608685299407247;-0.12439952701835;0.0114687313249;0.190155939249713;-0.0911818811788004
0.0871037094347884;-0.117081369535677;-0.0750615442416577;0.167960412329362;0.103308114487974;-0.0589359164446156;0.0832061981836927;0.036911087017587;0.0408453774787019;0.00899898554208168;-0.169777254341358;0.163247707920064;-0.0564328490710101;0.0202807516238679;-0.0364451803224677;-0.0061939107963161;0.154709147446577;-0.170057390406781;0.0860432945258036;-0.166729664476202;0.0623327424681208;0.10908877076351;-0.0755230894798891;0.065878204080932;-0.0954461043205796;0.131762252453033;0.126247511737308;0.171891954376186;0.127594535139842;0.00503178553323437;-0.189471583957328;-0.0190681417295039;0.101951598552641;0.120684774780091;0.0185930953559675;-0.0712626958118628;0.101062336154471;-0.145950829137166;0.172360714114403;0.0452100929005367;-0.199726203372186;-0.186338219058139;-0.10391479905244;-0.100989019258778;-0.0670652189488216;-0.0547535656634363;0.168589735830926;-0.122945282982652;0.167700864512853;-0.0643587505365655;-0.0480239162446223;-0.159598039685745;0.0894209927552322;0.136156998589924;0.0155302241322947;0.151008344407688;0.131435125680621;0.0320536574138199;0.0604652252424433;0.14453926777135;-0.0121900224455141;0.084307649543916;0.0823099576141544;-0.167127699462031;-0.00447072190808866;0.0222842931245553;-0.141645182040076;-0.00412421811469197;-0.201253635139598;-0.168123775918103;0.065737158785623;0.0977186851762441;-0.169424698784774;-0.162108089782232;-0.169944752511514
0.0669341799572848;0.0291660416412665;-0.169417235372849;-0.0556095069040397;0.158604268074285;0.162696968307915;0.0674867482077929;-0.191945125920831;0.00687593280934081;-0.140202474354503;0.170060482190327;0.0868145720581445;0.165473487743051;-0.0850350949675639;0.0614792514473708;-0.0129428408297355;-0.123309895122002;-0.0168800710907168;-0.166922983028199;-0.135602182472265;-0.099069421372357;-0.0827775558728767;-0.129447034597585;0.0994904704335934;0.107081484548402;-0.104373683928922;-0.013496561703797;-0.113462487306674;0.159221057179961;0.0639351962054918;0.0473669414766156;-0.185977631574398;0.0699606392664437;0.127747541974069;0.169715385437946;-0.0471355223463809;0.1307217078018;-0.0883208825272505;0.125626890921691;-0.187516542879229;0.139809896867161;0.103346396801645;-0.0975900143974943;0.183435885889704;0.0454101166395953;0.156986865107454;-0.0952566833528424;-0.0972039831965102;-0.0543817331477095;0.0551215087584557;0.0150469060184557;-0.0575177359975933;-0.190352483228348;0.1841508498641;0.139319860390795;-0.0466713277716433;-0.037769987362953;-0.0672141801571874;0.0390025341968138;0.0665948884014013;-0.0201895335900925;-0.0154338280873374;-0.149472657451536;0.144634262253104;0.0141241098181365;0.15965505016292;-0.179529130810104;-0.158657117832823;-0.0530569547562541;-0.0877682898080532;0.0580289770177195;0.166704513054504;0.0591865636368476;-0.175789503750774;-0.0737185536901707
-0.00428302764730844;-0.183837990257255;-0.113960116393934;-0.144850922214691;0.147136720411653;0.187633399310104;-0.115435734658863;0.138026965167534;-0.095189443518188;-0.15000585439879;-0.0944099293733636;-0.194200951818518;0.0833116280397165;0.185195640854686;0.0162946913932453;0.187386642314759;-0.00202418143026361;0.0702723449980672;-0.139934685566649;0.0305548410528628;-0.0444110283066261;0.0524664838835844;-0.0438067930197522;-0.0304435858866827;0.0832572964690557;0.135564860744339;-0.135597494767819;0.15285389125385;-0.165396726143681;0.193798523702115;0.0461121824289829;0.0808155186946704;0.182226367725285;0.057480715242041;-0.0595038851906289;-0.0646099811493228;-0.125650173191326;-0.123992987865179;0.0847061826464033;0.0716045292121153;-0.106719829055308;0.0397688812351386;0.139905049054411;0.0914953370893127;-0.0936773874646358;0.150603800154832;-0.0684375447931726;-0.149598812359174;0.124147092884309;-0.081407952436052;-0.142472257079082;-0.10687044851995;-0.00341244488899212;-0.0119678749635863;0.164338976587147;0.139935687458449;0.0566540017518381;0.11316866848209;-0.0314230196944056;-0.18697265673338;0.12468637767723;-0.0716044269233708;0.104879174910522;-0.0923027682309616;0.000567162161568424;0.0214597509213075;-0.179742120554462;-0.172713603603018;0.0461550096446216;-0.117639843858125;0.114492299105391;-0.0765757099657775;0.182251361341005;-0.0148540157894233;-0.0612698462925222
0.128713525954834;0.125227213212368;0.0740197904777253;-0.136415469502464;0.146722951931434;0.0141875501435691;-0.189087447091919;-0.173354607891654;0.128918014974215;0.155696495711406;-0.0403965822451234;-0.113954607463183;0.00369416667142992;0.104450812777971;0.00540155994050362;0.0890386746626764;-0.0367288346197972;0.119737318697006;0.0865920139858703;0.161984168495451;0.181205791740804;0.149115388672689;0.0443634562767859;-0.106786304075197;0.0955935545076068;0.149357711403612;-0.0925059065860915;0.00934480553098544;0.0546117948636908;0.00918814609191403;0.148274205776593;-0.0905460828776413;-0.19182602352401;-0.151320609183332;-0.14861202193275;-0.171233867747664;0.213714985401754;0.0617717910046353;0.046781540929514;0.0129002533137956;0.126766131219007;-0.0989708358199687;0.210411054635258;-0.0273249494521771;-0.154715200585362;-0.0588049827125861;0.0311293147110907;-0.062107786221692;-0.151740624302579;0.012225690086484;-0.0364987414009313;0.0254600139823702;-0.0873267251629673;0.0492468766678425;-0.0196332928479088;0.198372573226268;-0.123203171723739;-0.0232608341063985;-0.0132345880659483;0.216139676471945;-0.0973734719296605;0.020342183321218;-0.00919196681122235;-0.08433705977702;-0.196644638724508;-0.153917428026803;-0.126195512598494;-0.0490521528045595;0.0489959060513993;-0.0274315009711539;0.0940981252050447;0.12027381031969;-0.131111150891829;-0.130375167987246;-0.168848891382877
0.067960769438925;0.141082170685305;-0.119394827980893;-0.140746043915196;-0.0450682978677816;-0.0775721881488713;0.168847902789928;-0.0390591969725231;-0.145727011412437;-0.142760800121421;-0.0734512149189439;0.193271792392088;-0.0204726203986816;0.0778255051859368;-0.115648974774837;0.153002586840112;0.0291388488018592;-0.116413168527038;0.0439730468752867;-0.0847205642466844;-0.0881801233920093;0.115486060381043;0.081055272333967;-0.0316595722699616;0.195447922677246;-0.123257065804867;-0.111762633456965;0.0963227476170902;0.0844558354079379;0.122591088338695;0.0552829403315917;-0.043115890443944;-0.145131808770231;0.0121725027462148;0.110126468508969;-0.147068051413134;-0.175571481864103;-0.0644082074484563;-0.151075980173243;0.0875525150742442;-0.0606210030779993;-0.126911692819519;-0.046784410471695;-0.117278915025879;0.0924691962660978;-0.135857483348261;0.102798917184831;0.0738248048906331;-0.0245725691153259;0.0180768790192794;-0.128829790338343;0.0402447122390674;0.0339358668037704;0.163290860691479;0.13217644070062;0.148639541078978;-0.123789909755892;0.108429576310165;-0.140029134571346;-0.105628040170145;-0.149626362799136;-0.111291652934392;0.0726497996406353;-0.0721532677300355;-0.00187890843191593;0.165829507546096;0.154586793055089;0.1635197088762;0.163863868698064;-0.152397731468934;0.144757260596984;-0.0902697518569148;-0.149153996461025;0.152585363822139;0.172065270852411
-0.16204880937905;-0.0321689817933814;0.00574579021773733;0.0662167568920106;0.145542071024112;-0.0409421127984278;0.00160357556468236;-0.0756678135094006;-0.13298235492396;0.0615572814632172;-0.186958267468887;0.115710107074338;-0.127536464167681;0.0705533041543289;0.156226880848211;0.172243780605308;-0.101861355948453;-0.123266018193864;0.148936064950158;0.0465842763003581;-0.149496927423281;-0.0130877299097313;-0.176097394339626;0.075393543175495;0.11959102523289;-0.10863528758485;0.13287929804411;0.102056196303575;-0.0683822771796122;0.0635341762790136;0.156177504300362;-0.00364832300761482;0.0719772649732929;0.187491950407349;0.0887244223500251;-0.023847297311753;0.0513104903384259;-0.164506872263693;-0.105558531886429;0.117092463831313;0.0282901349186624;0.145863853464187;-0.00292401873786746;0.049786013839311;-0.027302176392473;-0.153654104046511;0.077772693805579;-0.110925655673474;-0.196237407729045;-0.145263685840227;0.0417635291379127;-0.183922138086398;-0.118545742809729;-0.0984522039821515;0.118108759050404;0.0477556484430947;-0.0588399556222438;0.127068974954656;0.143342459571534;0.0514089904404733;0.0228953170698757;0.096264107173521;0.189431191582625;0.00020019670944001;0.102096505075269;0.0134067834511409;-0.159035526067444;-0.118311686662617;0.178545609716717;-0.0226941900085244;-0.0818350779016067;-0.140122851853249;0.179009241604978;-0.170924767049644;-0.184474226786793
-0.0811204660750055;0.197739948415463;-0.0131867773785199;-0.0825173204278705;0.0842427347531336;0.0254115640680057;0.0554566761585373;0.108734669607169;-0.107758075694356;-0.161644357960657;0.149611839892493;-0.0705867238471429;-0.0162885143324209;-0.115089693748237;-0.142872785052498;-0.148716120237982;0.133602593395145;-0.0933315399726091;0.0541978998653252;-0.0908270675713798;0.14121414545584;0.165078500438121;0.204623037002282;0.156529607194805;0.167873369793836;-0.177669438845061;0.00879638315722077;-0.0753618068631257;0.0379904917999428;0.145658518529169;-0.00508615786274566;-0.147189746550491;-0.131716053531838;-0.0988205524181087;0.029005592868505;0.0719643400642374;0.178663857766062;0.0391635804387458;-0.111684562779094;-0.142744236109296;0.189939640580712;-0.182208838976362;0.125380956519608;-0.0057593244862896;0.173225932109062;-0.0839038025969475;0.083796221008236;-0.168192714073178;0.14985194547023;-0.0410732696639643;0.00939028217052966;0.179331709336602;-0.0467654087711578;0.146709694537998;-0.0985799293589096;-0.038521129489714;0.200794748436594;0.0379614524500881;-0.0427128531982941;0.0789808799353336;-0.166316112752076;-0.0521128106411981;-0.112187115855634;-0.0457387572001122;0.0511196369255015;0.113870292780123;-0.121801963978166;-0.100399255577173;0.0635825504066705;-0.00715928809332252;-0.119702140980631;-0.0884922807064625;-0.164578270856376;0.0140108423117596;-0.0730888711286794
0.138280501510143;-0.151861123321619;0.0226835710640093;0.18991210273165;0.0650144867303186;-0.0603924607915369;-0.0114648504972047;-0.0233207504364724;-0.111604675745322;-0.0531065753862013;0.0183976953179888;0.104290659506026;-0.0777360854715344;0.206739934826401;-0.123402614153;0.0752422123099496;-0.0485721318631595;-0.108728397633093;0.0120088367513318;-0.168351457415053;0.0550698501271846;0.135380800736263;-0.0174669646025377;0.148820773655518;-0.131758478549433;-0.153701197204734;-0.00409550564243508;-0.0300306450165636;-0.0318944947845542;-0.112049400524726;-0.0923603048158303;0.15923079143547;0.144835350439421;0.0323127138544364;-0.0374920008940804;-0.0853757921064471;-0.0151927047892273;0.0505055347820794;0.092904471494669;-0.0566852476445308;0.0429853775610427;0.171627180010889;0.198478276124026;-0.191511187623013;-0.163966702602935;-0.185689963799393;0.154777406969179;-0.107811902782033;-0.00942164256951113;0.11903432149741;0.127760761882948;-0.179609719655796;0.0212888318702257;-0.0151655250154631;0.0717861650558112;-0.18955668913185;0.0725918406309715;0.0808487967585446;0.129214191375352;0.026259294029322;0.150689044200951;-0.173890595386371;-0.183882645557649;-0.192011665126326;-0.153202660476101;0.0661529032325715;0.166441308416658;0.0969372000240822;0.0517755458147508;0.1689591773035;-0.102021472806553;0.107908332704814;0.00535313022229051;-0.123762305509868;-0.00435083562604253
0.0709779955552982;0.124827174060416;-0.0386554795187643;0.101098178257462;-0.159642944185994;-0.122340954816475;-0.109495471236732;0.167625071386678;0.0363561971236053;-0.0531724317592488;-0.12608237514162;-0.0750206594761307;-0.0528010984509366;0.1486232413602;-0.0607950813402251;0.0292661201425074;0.0916432314160856;0.109102303663041;-0.146836663884249;-0.0205003453807684;0.00448819472519375;0.144131655169215;0.179366515257035;0.149796649031155;-0.0434113032341384;-0.166311525552021;-0.155705757033637;0.0276345078947971;0.00870427297162976;0.00869845583552685;-0.193970182653075;0.00207430901061175;-0.0678597087255916;0.177490712008941;0.169605890541476;-0.14748938428919;-0.122300439460271;0.148614338601368;0.0557217309943646;-0.0852849298045039;0.0272055025383813;-0.174507098774845;-0.0533030422778968;0.0280373670530586;0.140038943563137;-0.0924210887783291;-0.0136218893959076;0.117294843349063;-0.121128728141747;-0.093152902599;-0.0261327458186318;0.167866811538138;-0.0818476347058059;0.0641116695957393;0.159404219252578;0.115230500289697;0.133844818706996;-6.79686463053657E-05;-0.0694577066275997;-0.207298606753173;-0.180602385902038;0.0512541807720851;-0.055046389704151;-0.186309446831121;-0.0731694372253735;0.0602274757513818;0.181223209153075;-0.041907650556264;0.167401510722337;-0.127272885170235;-0.0624006285164214;0.131413052718331;-0.160586615450523;0.126832425823869;0.140678311984464
-0.00910435844034889;0.0109797760580568;-0.0392382274511621;-0.193437349353566;-0.150684120569444;0.0678652580977146;-0.0631770247274441;-0.0420330100390226;-0.093122927581467;-0.166127384715167;-0.159937315175269;-0.1126579195939;0.0904315123064071;-0.184365663273697;-0.144839922626723;-0.0722539556426696;0.101039096413079;0.0334579033191595;0.0824154268382396;-0.100245967233752;0.207980541017561;0.10405808964134;-0.0591952959614992;-0.0938313097256998;-0.11713503561992;-0.0638781378535287;-0.173256655683261;0.179598270086281;-0.197373213716879;0.200679007788059;0.0625759429613339;0.153684919536433;0.00688068305563722;0.150778157540337;0.00764837749014659;-0.0605496177106881;0.00994303652814494;0.0182848172724536;-0.100047472224566;-0.030492993139582;0.129626720372182;-0.0772196158073293;-0.141911909058142;0.226360969491067;-0.0948370816465449;0.00317897535761293;-0.0681223255191514;-0.0363585044883784;0.152094563666397;0.196789957575003;0.0941555413184415;-0.065401765279764;0.00583537620624495;0.0633129024280087;0.208406970763504;0.121011829433046;-0.133890336113893;-0.149472325858912;0.15787196378109;0.147368294798821;0.0370565056475268;-0.00860101729898923;-0.0487252044555926;-0.0596276578547904;0.00547094983823507;-0.079447957196966;0.114635674865199;0.173827632280806;0.0421602367508917;0.149883972598701;0.151977285343921;-0.121311128992824;-0.0705600325897239;-0.0911569881556277;0.00430158990880164
0.0540836976529858;0.0208823179223679;-0.058068246252669;-0.186436507754942;0.0817800516010099;-0.183695762471065;0.0677445145761048;-0.164010699972897;-0.149984753716431;-0.0971344704342162;-0.0789772551201625;-0.0621592667595757;0.135844672349543;0.134831967616196;0.0876624686208761;-0.125217788771515;-0.0523708496653806;0.065468756364262;-0.0257890704355806;0.126435864609331;-0.0703024208696863;0.159489078012376;0.113965506762584;-0.000343441741967571;0.170580381940499;0.0892761968004763;-0.0211632311263925;0.117152343935079;-0.18541684176549;-0.149361726476415;-0.00493334628238546;-0.182922155969693;-0.105200860055154;-0.137345092580689;-0.079574324194367;-0.120337450664509;0.113775848371107;-0.14193554962094;-0.150039609920565;0.106546708949114;0.132639308039003;-0.0451387482639759;-0.0931227114601177;-0.155199990314081;-0.118262765604687;0.163942698857613;0.130196174847211;0.181304386431992;0.11704075831231;0.050197810886902;-0.0208775097840779;0.000884916335935662;0.135094556331077;-0.0345620531121941;-0.12792725589822;0.0781991694404094;0.0905213609595829;0.125879745289098;-0.173412339895642;0.176108404600333;0.0210720184551271;0.134196720440825;-0.165881573733667;0.182981522559783;0.0914034256479684;-0.0833428146767296;-0.144246122230682;0.0859020494039727;0.0271185762843028;0.0207122037591257;-0.055389087342822;-0.0977230155707002;0.0282206507585669;0.0512687704151046;0.177401106370127
0.188509887617381;0.0945678272538407;0.111268243771064;-0.0413183639972418;-0.153586249608249;0.172613940320874;0.00963456846469547;-0.160170185269194;-0.0238062355906711;0.0842736547266938;0.208026748263417;-0.106938591852549;0.142631725288517;0.204395272608941;0.0547247985958919;0.00116900659027559;0.201685406892075;-0.128527003308965;-0.115141958563542;-0.0740505412207828;0.212325360697233;-0.0384698388208282;-0.0646546599808053;-0.0348923879299945;0.178667143288708;0.150637415950747;-0.115596073207151;-0.00473046229825805;-0.0631004836902123;-0.0537600870035608;-0.0827562029530659;0.186318575682247;-0.0757140593829052;5.4871337114327E-05;-0.0750095239000372;-0.147293557496666;-0.151562575822264;0.0366957835438618;-0.152980922498649;-0.126562704874067;-0.119993744864083;0.163938290003599;0.0990159074802041;-0.0312883876152281;0.12674813741689;-0.108760804730436;-0.0455948555120906;0.124829480322281;-0.158983828933906;-0.111891186579912;-0.0150039977413569;-0.101680040157316;0.0119947699466275;-0.00584426144085592;0.209209368875284;0.0666969666073445;-0.00106027259621882;-0.0141221281298062;-0.00608893146148086;-0.0903270897345272;0.12792725369716;-0.145917729067911;0.116826874245487;-0.130328908417975;0.00674709784889484;-0.138574587249695;0.182672043354824;-0.0177059058794619;0.119122036678114;0.0417355962616927;-0.00755117741832522;0.00470686351734854;-0.135828840641181;-0.148862013520339;-0.114339556187565
-0.144352547804197;0.0472367243227999;0.153171316324295;0.0226608542536248;0.0988555366589954;0.00607004300310646;-0.0574976358048083;-0.0366406813931256;-0.143941879075354;0.147687538580077;-0.17432941477029;-0.0162203536966526;0.116031423637583;-0.0256814305102653;0.042942399749863;0.0383366896076731;0.0472828126234434;-0.150052569535524;0.123373184963563;-0.071807226062342;-0.167207233987754;-0.145650441272359;0.0397598394677316;0.14842070468685;0.0763649522520198;-0.109394142131967;0.158744125396833;-0.187776210135261;-0.0170993092860714;0.0809602921409844;0.167064782642766;-0.15883903422665;-0.029922146988359;-0.0831964551894356;0.133119740770791;0.177236058972119;0.00236301368352019;0.119583912481994;0.0515624697152942;0.0586412786337587;-0.0364342800787917;0.044792250331519;0.0387160704757413;-0.123675388590735;-0.0428951944323476;0.0318430776756879;-0.154264182222449;0.164279943385927;-0.145833034277926;0.160739570986756;0.101647456414215;-0.0692478414679731;-0.104956847688971;0.0769631827447836;-0.173214936702087;-0.192285258355945;-0.186106266969038;-0.188832540186661;0.133415165967754;0.0146665269668563;0.0344451815724219;-0.0633045774936536;0.167577891859095;-0.0377829072501901;0.16774201990346;0.17162888342251;-0.1798813585324;0.00564472700291255;0.0283180926850923;0.0528256047438926;-0.157609475899953;0.114818164107598;-0.0144957752846693;-0.128851245494302;0.151746317982598
-0.0406375965973411;-0.00937162595108031;-0.0465978623575562;-0.0150516274840686;-0.181145146760084;-0.180751206777065;0.192970529143463;0.151776575815263;-0.00198578522874028;0.175827185373588;0.0358609654025568;0.138267904009666;0.0782962627017842;-0.129666950800109;0.136666608909827;0.179591681249481;-0.0151877949200355;0.183584465372413;-0.189773685006094;-0.204143221307056;-0.2011174350099;0.0603054844548662;-0.144963908355395;-0.130496857291953;-0.0434941067745947;0.00804008731103247;0.0183014982697858;-0.0776832552809888;-0.0255427863523644;0.128682987348669;0.184331855299493;0.137283658416984;-0.204484585959664;0.114619038624145;0.0313973884710862;-0.0214461419367428;0.0227714582410006;-0.0118594819849906;0.0880940941161631;-0.0466607602318458;0.0327511419000648;-0.0366561471739841;-0.052411055235735;-0.0318296682967298;-0.090072099367156;-0.1880811556842;-0.0950793491313159;-0.107952941980181;0.0821224246548752;0.0669269478435241;0.0236047490156221;0.133077089399685;-0.0706346483483167;-0.185655273225442;0.128807591417306;0.0982910783360385;-0.0959281766763939;-0.147621464146312;-0.203077979790183;0.0100489253171295;0.000181454341395149;0.0391333253437429;-0.0542010969130813;0.0685653868108364;0.190729489462341;0.0978114663738188;0.111232030888621;0.162911383465885;0.0381698201170501;-0.0734077082341394;-0.0747002360722281;0.195905846453201;-0.136030087824459;0.0561212346139973;-0.0376602038188747
0.0388333500270213;-0.118798714268322;0.0915157146321411;0.166145127659159;-0.0860866480276732;-0.128649233913864;-0.104903338552354;0.0436118916239085;0.112725877292811;-0.126638708861988;-0.181883417487103;-0.0210830960654775;0.188310811574531;0.193074113144511;0.138977270095424;-0.158042820788218;-0.0595993573226591;-0.0382238719832818;-0.154385600359957;0.159558214800696;0.201086613650998;-0.216483358505671;0.0834664353081707;-0.0207986237298843;0.0147925949492733;-0.0995793817510014;-0.0571657873403206;0.0576561138742337;-0.0748546063445117;-0.0891246697635969;0.0307865262614709;0.0417214976699334;0.0775343853126544;0.0557343673371768;-0.137973837057616;-0.0116640899078304;0.0208026813437271;-0.106885006726621;0.0884258957870843;-0.0923858022569648;-0.126259724188989;0.207334374094619;0.0424214232313547;-0.0343347088578514;0.146299907744717;-0.109871984470935;0.136637962715238;0.184918633337997;0.110980048550367;-0.148652563831728;0.193706228481785;0.00795340357345531;-0.216585739665312;0.108824534581147;-0.0289616493292754;0.0208251169576864;0.00537217232127084;-0.12217725321298;-0.08313905886512;-0.220998857851677;0.136153875324221;0.0450778694711759;-0.116025093606585;-0.0326410445185979;0.0502120867743053;-0.015967593259272;0.109019840519632;-0.101915147337652;0.096556358627122;-0.0838502315717514;0.0287918197658184;-0.187205942171044;0.0809875541273978;0.145637523794772;0.0513263474146797
0.21881686908163;-0.0206664022393108;-0.0826781801134425;0.0663529927808753;-0.0761726101563616;0.000838092936332655;-0.00472306897860256;0.17419528623876;-0.124387003562876;-0.0433449908733989;-0.172694488934005;0.0505018069711638;0.195080211510152;-0.114057178371667;0.0742198232784382;0.208590888869356;-0.0588122330687206;0.202231051899236;0.0989540129043266;0.00811543980099744;0.0623349588693906;0.112162159234527;-0.123188425930683;0.144600411560553;-0.0405303365872012;0.0172602452285123;0.0317776765296227;-0.110582082110773;-0.00966540820884056;0.056546582104766;0.166714015761845;0.155512777624134;-0.118597771271868;-0.13983689012534;0.00639836146628062;-0.126003464267045;-0.0786389014757377;0.0705069740108666;-0.169040652447893;0.0423529109470836;-0.0326313777954577;0.121198980215577;-0.151997588222507;-0.154003266400673;0.0538793308773338;0.187029958614807;0.160922037746334;-0.148953171631919;-0.149107138865174;-0.0354023036381091;-0.0803063212264557;-0.127009123431805;-0.188598362406302;-0.0364807235264364;-0.180093954774323;-0.0876823635193696;-0.0918150496751009;-0.00253972564247411;-0.0874537439983962;0.131306010646647;0.193799282438231;-0.0884780602343019;-0.0104763789188724;0.0438052803638787;0.0146798593962774;-0.103468400526618;-0.0252374951234408;0.14058002826902;0.104283326193574;0.00588621417901081;0.0928927169786209;0.0954196589519339;0.176934630980657;-0.13773597140923;-0.153590255770018
0.163490167173991;0.0623578599903174;-0.183328506772993;-0.120253864628541;-0.0141283424618183;0.0742074972507837;-0.0254835393169739;-0.175210502183412;-0.188675021011454;-0.0716821600008221;0.0934848402135148;0.146537829515501;0.139007303390728;-0.173386889522138;-0.116716530932514;0.189470850658403;0.145343456619175;-0.0494579667860582;-0.0907643338289097;0.0660111969782238;-0.156972747026059;-0.0771335411296682;0.019308713712619;0.047862801991314;-0.0501033738526966;0.00772101673797661;-0.194355238959007;-0.0411625426776931;0.0622766178867215;0.0903870076845359;0.0404474556400225;-0.094551672958043;0.171914998527889;-0.0924697450945541;-0.138799395199023;0.0596320919642086;-0.140273394712685;-0.10935099922558;0.136359005474513;-0.162887611213277;0.00260192548835689;-0.144877918668712;-0.0492862605288974;-0.109126540738597;0.136281205792885;-0.0411688277586035;0.048730185278026;0.0944712899189241;-0.000415479620272025;0.0310364599766877;0.166772073940788;-0.0770065045815613;0.050126108138303;0.00327784444587491;0.209568981341021;0.0248505842676755;-0.172723977758286;-0.00572384058830402;0.155316977400158;0.203618108976208;0.0527896121738071;-0.200094120675265;-0.0120196518941305;-0.0535945605199875;0.113337852535158;-0.0277366108644262;0.200090299163615;0.0157039244492981;0.190879973852888;0.0491188452792797;0.113971121335104;0.0389213318087708;0.0396504959154314;-0.143649846651617;-0.152363852546117
